company,product name ,category,ingredients,link,total number of reviews,product rate 
ICONIC LONDON,Glaze Crayon Intense,"Home
Makeup
Eyes
Eyeshadow","Crayon: Dimethicone, Trimethylsiloxysilicate, Mica, Polyethylene, Synthetic Wax, Synthetic Fluorphlogopite, Lauroyl Lysine, Octyldodecanol, Hydrogenated Sunflower Seed Oil, Synthetic Beeswax, Disteardimonium Hectorite, Propylene Carbonate, Tin Oxide, Caprylic/Capric Triglyceride, Theobroma Cacao Extract (Theobroma Cacao (Cocoa) Extract), Tocopherol. May Contain: CI 77491 (Iron Oxides), CI 77891 (Titanium Dioxide), CI 77492 (Iron Oxides), CI 77499 (Iron Oxides), CI 77510 (Ferric Ferrocyanide)
Glitter: Aqua (Water, Eau), Glycerin, Calcium Sodium Borosilicate, Calcium Aluminum Borosilicate, PVP, Pentylene Glycol, Alumina, Acrylates/C10-30 Alkyl Acrylate Crosspolymer, 1,2-Hexanediol, Hydroxyacetophenone, Phenoxyethanol, Silica, Sodium Hydroxide, Tetrasodium EDTA, Tin Oxide. May Contain: CI 77499 (Iron Oxides), CI 77891 (Titanium Dioxide), CI 77491 (Iron Oxides), CI 77492 (Iron Oxides).",https://www.ulta.com/p/glaze-crayon-intense-pimprod2035407?sku=2602935,0,5
L'Oréal,Voluminous Volume Building Waterproof Mascara,"Home
Makeup
Eyes
Mascara","Isododecane, Water, Beeswax, Quaternium-18, Bentonite, Carnauba Wax, Paraffin, Allyl Stearate/VA Copolymer, VA/Vinyl Butyl Benzoate/Crotonates Copolymer, Dimethicone, Propylene Carbonate, Rice Starch, Polyvinyl Laurate, Dimethiconol, 2-Oleamido-1, 3-Octadecanediol, Propylparaben, Sodium DNA. May Contain: Iron Oxides, Ultramarines, Titanium Dioxide.",https://www.ulta.com/p/voluminous-volume-building-waterproof-mascara-14353?sku=1472358,0,3.6
Lano,Golden Dry Skin Salve,"Home
Body Care
Hand & Foot Care
Hand Cream & Foot Cream","Lanolin,* Caprylic/Capric Triglyceride,* Glycerin,* Copernicia Cerifera (Carnauba) Wax/Cera Carnauba/Cire De Carnauba,* Ricinus Communis (Castor) Seed Oil,* Lanolin Oil,* Prunus Armeniaca (Apricot) Kernel Oil,* Mel/Honey/Meil,* Tocopherol,* Cera Alba/Beeswax/ Cire D'abeille,* Fragrance/Parfum (Natural).*
*Naturally Derived/Derive Naturel.",https://www.ulta.com/p/golden-dry-skin-salve-pimprod2017328?sku=2567518,0,4.6
COSRX,Full Fit Propolis Light Cream,"Home
Skin Care
Moisturizers
Face Moisturizer","Propolis Extract, Butylene Glycol, Glycerin, Caprylic/Capric Triglyceride, Helianthus Annuus (Sunflower) Seed Oil, 1,2-Hexanediol, Honey Extract, Royal Jelly Extract, Hydroxyethyl Acrylate/Sodium Acryloyldimethyl Taurate Copolymer, Cassia Obtusifolia Seed Extract, Cetearyl Olivate, Beeswax, Cetearyl Alcohol, Sorbitan Olivate, Allantoin, Arginine, Carbomer, Xanthan Gum.",https://www.ulta.com/p/full-fit-propolis-light-cream-pimprod2017573?sku=2568303,0,4.2
Eczema Honey,Nut-Free Skin-Soothing Cream,"Home
Body Care
Body Moisturizers
Body Lotion & Creams","Active Ingredient: Colloidal Oatmeal 1.0% (Skin Protectan). Inactive Ingredients: Grapeseed Oil, Organic Honey, Organic Aloe Vera Juice, Beeswax, Organic Sunflower Oil, Water, Sodium Bicarbonate, Phenoxyethanol, Potassium Sorbate, Caprylyl Glycol, Ethylhexyglycerin, Hexylene Glycol (Preservative).
For allergy concerns verify ingredients on packaging prior to use.",https://www.ulta.com/p/nut-free-skin-soothing-cream-pimprod2027228?sku=2585428,0,3.7
Eczema Honey,Gentle Face and Body Lotion Stick,"Home
Body Care
Body Moisturizers
Body Lotion & Creams","Mango Butter (Mangifera Indica Seed Oil), Organic Beeswax (Cera Alba), Cocos Nucifera (Coconut) Oil, Honey (Mel), Vitamin E Oil (Tocopheryl Acetate), Colloidal Oatmeal, Lavender Essential Oil (Lavandula Officinalis Oil), Chamomile (Anthemis Nobilis).
For allergy concerns verify ingredients on packaging prior to use.",https://www.ulta.com/p/gentle-face-body-lotion-stick-pimprod2027229?sku=2585429,0,4.2
Essence,Double Trouble Mascara,"Home
Makeup
Eyes
Mascara","Aqua (Water), Glyceryl Stearate, Copernicia Cerifera (Carnauba) Wax, Synthetic Wax, Vp/Hexadecene Copolymer, Glycerin, Synthetic Beeswax, Polyvinyl Alcohol, Palmitic Acid, Stearic Acid, Acrylates Copolymer, Octyldodecanol, Tocopherol, Cera Microcristallina (Microcrystalline Wax), Hydroxyacetophenone, Ethylhexylglycerin, Sodium Hydroxide, Phenoxyethanol, Ci 77007 (Ultramarines), Ci 77499 (Iron Oxides).",https://www.ulta.com/p/double-trouble-mascara-pimprod2030513?sku=2590871,0,3.8
Gigi,Honee Bear Hard Wax Kit,"Home
Body Care
Self Care & Wellness
Hair Removal","Glyceryl Rosinate, Mineral Oil (Paraffinum Liquidum, Huile minérale), Ethylene/VA Copolymer, Beeswax (Cera Alba, Cire d'abeille), Stearic Acid, Paraffin, Simmondsia Chinensis (Jojoba) Seed Oil, Triticum Vulgare (Wheat) Germ Oil, Tocopheryl Acetate, Olea Europaea (Olive) Fruit Oil, Fragrance (Parfum), Yellow 11 (CI 47000).",https://www.ulta.com/p/honee-bear-hard-wax-kit-pimprod2031645?sku=2593869,0,3.3
Foria,Relief Salve with CBD & Kava,"Home
Body Care
Self Care & Wellness
Intimate Wellness","Organic MCT Coconut Oil, Botanical Infusions (Organically-Grown Kava Root, Organic St. John's Wort, Organic Ginger), Organic Beeswax, Organic Castor Oil, Full-spectrum Extract from USDA organic-certified regeneratively-grown hemp (0.3% THC or less), Organic Essential Oils (Lavender, Peppermint, Eucalyptus, Ginger).",https://www.ulta.com/p/relief-salve-with-cbd-kava-pimprod2034735?sku=2602152,0,4.8
Urban Decay Cosmetics,24/7 Waterline Eyeliner Pencil,"Home
Makeup
Eyes
Eyeliner","Legend: Hydrogenated Polyisobutene, Isododecane, Synthetic Wax, Polymethylsilsesquioxane, Polybutene, Silica, Hydrogenated Polydicyclopentadiene, Oryza Sativa (Rice/Riz) Bran Wax, Hydrogenated Castor Oil, Synthetic Beeswax, Ethylene/Propylene Copolymer, Pentaerythrityl Tetra-Di-T-Butyl Hydroxyhydrocinnamate. May Contain: Mica, CI 77499 (Iron Oxides), CI 77510 (Ferric Ferrocyanide).",https://www.ulta.com/p/247-waterline-eyeliner-pencil-xlsImpprod13091139?sku=2293456,0,3.8
Essence,I Love Extreme Volume Waterproof Mascara,"Home
Makeup
Eyes
Mascara","Isododecane, Cera Alba (Beeswax), Aqua (Water), Nylon-12, Candelilla (Euphorbia Cerifera) Wax, Trimethylsiloxysilicate, VP/Hexadecene Copolymer, Carnauba (Copernicia Cerifera) Wax, Propylene Glycol, Ricinus Communis (Castor) Seed Oil, Tocopheryl Acetate, Ethylhexylglycerin, Bisabolol, Tocopherol, Potassium Hydroxide, Potassium Sorbate, Phenoxyethanol, Farnesol, CI 77499 (Iron Oxides).",https://www.ulta.com/p/i-love-extreme-volume-waterproof-mascara-xlsImpprod13561155?sku=2294943,0,4
Sun Bum,CocoBalm,"Home
Skin Care
Moisturizers
Lip Care","Helianthus Annuus (Sunflower) Seed Oil, Ricinus Communis (Castor) Seed Oil, Beeswax, Cocos Nucifera (Coconut) Oil, Euphorbia Cerifera (Candelilla) Wax, Flavor, Tocopherol, Copernicia Cerifera (Carnauba) Wax, Simmondsia Chinensis (Jojoba) Seed Oil, Aloe Barbadensis Leaf Extract, Theobroma Cacao (Cocoa) Seed Butter, Butyrospermum Parkii (Shea) Butter.",https://www.ulta.com/p/cocobalm-xlsImpprod18251003?sku=2527420,0,4.4
Maybelline,Define-A-Line Eyeliner,"Home
Makeup
Eyes
Eyeliner","Capric Triglyceride, Castor Seed Oil, Hydrogenated Cocoglycerides, Microcrystalline Wax, Beeswax, Carnauba Wax, Polymethyl Methacrylate, Shea Butter, Tin Oxide. May Contain: CI 77491, CI 77492, CI 77499 / Iron Oxides, Mica, CI 77891 / Titanium Dioxide, CI 77007 / Ultramarines, CI 77510 / Ferric Ferrocyanide, CI 75470 / Carmine.",https://www.ulta.com/p/define-a-line-eyeliner-xlsImpprod2960205?sku=2147517,0,3.2
Essence,Get BIG Lashes Volume Boost Mascara,"Home
Makeup
Eyes
Mascara","Aqua (Water), Cera Alba (Beeswax), Nylon-12, Candelilla (Euphorbia Cerifera) Wax, Glyceryl Stearate, Stearic Acid, Decyl Olivate, Hydrogenated Stearyl Olive Esters, Carnauba (Copernicia Cerifera) Wax, PVP, Aminomethyl Propanol, Hydroxyethylcellulose, Potassium Sorbate, Polyquaternium-10, Allantoin, Ethylhexylglycerin, Tetrasodium EDTA, TBHQ, Phenoxyethanol, CI 77499 (Iron Oxides).",https://www.ulta.com/p/get-big-lashes-volume-boost-mascara-xlsImpprod4181075?sku=2243657,0,3.8
Essence,Get BIG Lashes Volume Boost Waterproof Mascara,"Home
Makeup
Eyes
Mascara","Isododecane, Cera Alba (Beeswax), Aqua (Water), Candelilla (Euphorbia Cerifera) Wax, Trimethylsiloxysilicate, VP/Hexadecene Copolymer, Carnauba (Copernicia Cerifera) Wax, Propylene Glycol, Talc, Aluminum Starch Octenylsuccinate, Ricinus Communis (Castor) Seed Oil, Silica, Potassium Hydroxide, Potassium Sorbate, Ethylhexylglycerin, Bisabolol, TBHQ, Phenoxyethanol, CI 77499 (Iron Oxides).",https://www.ulta.com/p/get-big-lashes-volume-boost-waterproof-mascara-xlsImpprod4181077?sku=2243658,0,4.1
Essence,I Love Extreme Crazy Volume Mascara,"Home
Makeup
Eyes
Mascara","Aqua (Water), Carnauba (Copernicia Cerifera) Wax, Cera Alba (Beeswax), Butylene Glycol, Stearic Acid, VP/Eicosene Copolymer, Palmitic Acid, Polybutene, Glyceryl Stearate, Acacia Senegal Gum, Candelilla (Euphorbia Cerifera) Wax, PVP, Caprylyl Glycol, Polyvinyl Alcohol, Aminomethyl Propanol, Sodium Dehydroacetate, Phenoxyethanol, CI 77499 (Iron Oxides).",https://www.ulta.com/p/i-love-extreme-crazy-volume-mascara-xlsImpprod5050091?sku=2254958,0,4.2
Parissa,No-Strip Face & Lip Hot Wax,"Home
Body Care
Self Care & Wellness
Hair Removal","Wax: Collophonium (Gum Rosin), Cera Alba (Beeswax), Brassica Napus Oil (Canola Oil), Azulene (Azulene).
Oil: Carthamus Tinctorius Seed Oil, Brassica Napus Oil, Ipp, Simmondsia Chinesis Seed Oil, Eucalyptus Globulus Oil, Callitris Columellaris Oil, Callitris Intratropical Oil, Chamomilla Recutita Extract, Menthe Piperita Oil, Hippophae Rhamnoides Fruit Oil.",https://www.ulta.com/p/no-strip-face-lip-hot-wax-pimprod2023911?sku=2577021,0,4.7
mented cosmetics,Long Live The Lash Mascara,"Home
Makeup
Eyes
Mascara","Water, Hydrogenated Olive Oil Stearyl Esters, Stearic Acid, Propanediol, Acrylates/Ethylhexyl Acrylate Copolymer, Glyceryl Stearate, Copernicia Cerifera (Carnauba) Wax, Helianthus Annuus (Sunflower) Seed Wax, Hydrogenated Olive Oil Lauryl Esters, Oryza Sativa (Rice) Bran Wax, Polybutene, Synthetic Beeswax, Polyglyceryl-3 Stearate, Distearyl Ether, Caprylyl Glycol, Prunus Amygdalus Dulcis (Sweet Almond) Oil, Aminomethyl Propanol, C18-36 Acid Triglyceride, Sodium Dehydroacetate, Cetearyl Alcohol, Hydrogenated Vegetable Glycerides, Sodium Stearoyl Lactylate, Dipropylene Glycol, Glyceryl Caprylate, Laureth-21, May Contain: Iron Oxides.",https://www.ulta.com/p/long-live-lash-mascara-pimprod2032459?sku=2597407,0,3
Well People,Supernatural Stick Bronzer,"Home
Makeup
Face
Bronzer","Helianthus Annuus (Sunflower) Seed Oil/Helianthus Annuus Seed Oil*, Mica, Ricinus Communis (Castor) Seed Oil/Ricinus Communis Seed Oil*, Carthamus Tinctorius (Safflower) Seed Oil/Carthamus Tinctorius Seed Oil*, Copernicia Cerifera (Carnauba) Wax/Copernicia Cerifera Cera*, Synthetic Beeswax, Castor Isostearate Succinate, Tocopherol, Polyhydroxystearic Acid, Caprylic/Capric Triglyceride, Simmondsia Chinensis (Jojoba) Seed Oil/Simmondsia Chinensis Seed Oil*, Rosa Rubiginosa Seed Oil, Crambe Abyssinica Seed Oil, Isostearic Acid, Calendula Officinalis Flower Extract, Tin Oxide, Lecithin, Polyglyceryl-3 Polyricinoleate, Camellia Sinensis (Green Tea)Seed Oil/Camellia Sinensis Seed Oil, Aloe Barbadensis Leaf Juice, Maltodextrin, Potassium Sorbate, Sodium Benzoate. May Contain: Titanium Dioxide (CI 77891), Iron Oxides (CI 77491, CI 77492, CI 77499).
*USDA Organic",https://www.ulta.com/p/supernatural-stick-bronzer-pimprod2008561?sku=2596720,0,4.5
ColourPop,So Juicy Plumping Gloss,"Home
Makeup
Lips
Lip Gloss","Polybutene, Phenylpropyldimethylsiloxysilicate, Simmondsia Chinensis (Jojoba) Seed Oil, Synthetic Beeswax, Flavor, Menthone Glycerin Acetal, Synthetic Fluorphlogopite, Phenoxyethanol, Silica Dimethyl Silylate, Calcium Sodium Borosilicate, Silica, Ethylhexyl Palmitate, Tocopherol, Saccharin, Tribehenin, Hydrogenated Polyisobutene, Tin Oxide, Sorbitan Isostearate, Palmitic Acid, Palmitoyl Tripeptide-1, May Contain: Bismuth Oxychloride (CI 77163), Carmine (CI 75470), Iron Oxides (CI 77491), Mica (CI 77019), Red 7 Lake (CI 15850), Red 40 Lake (CI 16035), Titanium Dioxide (CI 77891), Yellow 5 Lake (CI 19140).",https://www.ulta.com/p/so-juicy-plumping-gloss-pimprod2013803?sku=2561468,0,4.2
KIKO Milano,Long Lasting Eyeshadow Stick,"Home
Makeup
Eyes
Eyeshadow","Cyclopentasiloxane, Trimethylsiloxysilicate, Mica, Polyethylene, Lauroyl Lysine, Octyldodecanol, Ozokerite, Cera Alba ( Beeswax/Cire D'abeille), Paraffin, Silica, Stearyl Stearate, Stearyl Palmitate, Cera Microcristallina (Microcrystalline Wax/Cire Mic Rocristalline), Cetyl Palmitate, Lecithin, Cetyl Stearate, Tin Oxide, Disteardimonium Hectorite, Behenic Acid, Stearic Acid, Tocophe Rol, Synthetic Fluorphlogopite, Calcium Aluminum Borosilicate, Propylene Carbonate, Ascorbyl Palmitate, Calcium Sodium Borosilicate, Arachidic Acid, Palmitic Acid, Dicalcium Phosphate, Citric Acid .+/- (May Contain): CI 77891 (Titanium Dioxide), CI 77491 (Iron Oxi Des), CI 77000 (Aluminum Powder), CI 77163 (Bismuth Oxychloride), CI 77400 (Bronze Powder/Copper Powder).",https://www.ulta.com/p/long-lasting-eyeshadow-stick-pimprod2018558?sku=2607401,0,4.2
BLK/OPL,Risqué Matte Lipstick,"Home
Makeup
Lips
Lipstick","Isostearyl Isostearate, Mica, Synthetic Wax, Pentaerythrityl Isostearate/Caprate/Caprylate/Adipate, Isononyl Isononanoate, Tridecyl Neopentanoate, Candelilla Cera/Euphorbia Cerifera (Candelilla) Wax/Cire De Candelilla, Kaolin, HDI/Trimethylol Hexyllactone Crosspolymer, Polyglyceryl-3 Diisostearate, Synthetic Beeswax, Silica.",https://www.ulta.com/p/risque-matte-lipstick-pimprod2022188?sku=2579257,0,5
Buxom,Hold The Line Waterproof Liner,"Home
Makeup
Eyes
Eyeliner","Come Over: Isododecane, Synthetic Wax, Hydrogenated Polydicyclopentadiene, Polybutene, PEG/PPG-18/18 Dimethicone, Calcium Sodium Borosilicate, Polyethylene Terephthalate, Glyceryl Tribehenate/Isostearate/Eicosandioate, Nylon-12, Polyethylene, Perfluorononyl Dimethicone, Polyglyceryl-4 Diisostearate/Polyhydroxystearate/Sebacate, Synthetic Beeswax, Silica, Tocopherol, Pentaerythrityl Tetra-Di-T-Butyl Hydroxyhydrocinnamate, Persea Gratissima (Avocado) Oil, Copernicia Cerifera (Carnauba) Wax, Helianthus Annuus (Sunflower) Seed Oil, Phytosterols, Polyurethane-11, Olea Europaea (Olive) Fruit Oil, Tin Oxide, Sorbitan Oleate, Ascorbyl Palmitate, Tocopheryl Acetate. May Contain: Mica, Aluminum Powder (CI 77000), Chromium Hydroxide Green (CI 77289), Chromium Oxide Greens (CI 77288), Ferric Ferrocyanide (CI 77510), Iron Oxides (CI 77491, CI 77492, CI 77499), Titanium Dioxide (CI 77891), Ultramarines (CI 77007).",https://www.ulta.com/p/hold-line-waterproof-liner-xlsImpprod13631041?sku=2299120,0,4.1
Kiehl's Since 1851,Ultra Facial Moisturizer,"Home
Skin Care
Moisturizers
Face Moisturizer","Aqua/Water, Squalane, Glycerin, Peg-100 Stearate, Glyceryl Stearate, Butylene Glycol, Triethanolamine, Phenoxyethanol, Sorbitan Oleate, Carbomer, Methylparaben, Propylparaben, Stearic Acid, Cera Alba/Beeswax, Myristyl Alcohol, Prunus Amygdalus Dulcis Oil/Sweet Almond Oil, Prunus Armeniaca Kernel Oil/Apricot Kernel Oil, Tocopherol, Persea Gratissima Oil/Avocado Oil",https://www.ulta.com/p/ultra-facial-moisturizer-pimprod2002894?sku=2536686,0,4.4
Milani,Highly Rated 10-in-1 Volume Mascara,"Home
Makeup
Eyes
Mascara","Water/Aqua/Eau, Synthetic Beeswax, Stearic Acid, Jojoba Esters, Copernicia Cerifera (Carnauba) Wax/Cera Carnauba/Cire De Carnauba, Glycerin, Acrylates Copolymer, Acacia Senegal Gum, Aminomethyl Propanol, Caprylyl Glycol, Hydroxyethylcellulose, Disodium Phosphate, Polysorbate 60, Tocopherol, Sodium Phosphate, Phenoxyethanol, Potassium Sorbate, Sodium Dehydroacetate, Iron Oxides (CI 77499).",https://www.ulta.com/p/highly-rated-10-in-1-volume-mascara-pimprod2003037?sku=2539472,0,3.9
Lano,Rose Gold 101 Ointment Balm & Tint,"Home
Makeup
Lips
Lip Tints & Balms","Lanolin*, Lanolin Cera (Wax)*, Cera Alba (Beeswax)*, Ricinus Communis (Castor) Seed Oil*, Mica*, Aroma (Flavour)*, Tocopherol (Vit E)*, Benzyl Alcohol*, Helianthus Annuus (Sunflower) Seed Oil*, Tin Oxide, Limonene*, Titanium Dioxide (CI 77891), Red 7 Lake (CI 15850), Iron Oxide (CI 77491). *Natural + Mineral Derived",https://www.ulta.com/p/rose-gold-101-ointment-balm-tint-pimprod2008041?sku=2549008,0,4.2
Tarte,Travel-Size Opening Act Vegan Eyelash Primer,"Home
Makeup
Travel Size","Water/Aqua/Eau, Ethylene/Va Copolymer, Cera Alba/Beeswax/Cire D'Abeille, Cera Carnauba/Copernicia Cerifera (Carnauba) Wax/Cire De Carnauba, Hydrogenated Olive Oil Stearyl Esters, Nylon-12, Palmitic Acid, Glyceryl Stearate, Stearic Acid, Triethanolamine, Hydrated Silica, Silica, Dimethicone, Hydroxyethylcellulose, Ethylhexylglycerin, Ascorbyl Palmitate, Sodium Nitrate, Phenoxyethanol.",https://www.ulta.com/p/travel-size-opening-act-vegan-eyelash-primer-pimprod2009653?sku=2552981,0,4.3
PÜR,Fully Charged Mascara Powered by Magnetic Technology,"Home
Makeup
Eyes
Mascara","AQUA/WATER/EAU, SYNTHETIC BEESWAX, COPERNICIA CERIFERA (CARNAUBA) WAX, DIMETHICONE, PVP, STEARIC ACID, NYLON-12, CETEARYL ALCOHOL, SORBITAN ISOSTEARATE, POLYSORBATE 60, GLYCERIN, OLEIC ACID, POLYBUTENE, MAGNESIUM ALUMINUM SILICATE, CELLULOSE GUM, PANTHENOL, POLYQUATERNIUM-10, PHENOXYETHANOL, ETHYLHEXYLGLYCERIN, TRIETHOXYCAPRYLYLSILANE, POTASSIUM HYDROXIDE, TOCOPHEROL, BLACK IRON OXIDE (CI 77499).",https://www.ulta.com/p/fully-charged-mascara-powered-by-magnetic-technology-pimprod2023711?sku=2578597,0,4.1
American Crew,Matte Clay,"Home
Men
Hair
Styling","Aqua/Water/Eau, Kaolin, Petrolatum, Cera Alba/Beeswax/Cire D'abeille, PEG-7 Glyceryl Cocoate, Oleth-10, Cera Carnauba/Copernicia Cerifera (Carnauba) Wax/Cire De Carnauba, Paraffinum Liquidum/Mineral Oil/Huile Minérale, Parfum (Fragrance), Benzyl Alcohol, Citral, Citronellol, Geraniol, Limonene, Linalool, Ethylparaben, Methylparaben, Phenoxyethanol, Sodium Benzoate.",https://www.ulta.com/p/matte-clay-pimprod2024136?sku=2580267,0,5
Eczema Honey,Skin-Soothing Cream,"Home
Body Care
Body Moisturizers
Body Lotion & Creams","Active Ingredient: Colloidal Oatmeal 1.0% (Skin Protectant). Inactive Ingredients: Organic Olive Oil, Almond Oil, Organic Honey, Organic Aloe Vera Juice, Beeswax, Water, Sodium Bicarbonate, Potassium Sorbate, Organic Sunflower Oil, Phenoxyethanol, Ethylhexylglycerin, Hexylene Glycol, Caprylyl Glycol.
For allergy concerns verify ingredients on packaging prior to use.",https://www.ulta.com/p/skin-soothing-cream-pimprod2027223?sku=2585424,0,3.8
Morphe,Make It Big XXL Lip Plumping Serum,"Home
Makeup
Lips
Lip Plumpers","Caprylyl Glycol, Hydrogenated Polyisobutene, Octyldodecanol, Ethylhexyl Palmitate, Silica Dimethyl Silylate, Synthetic Beeswax, Fragrance (Parfum), Vanillyl Butyl Ether, Phenoxyethanol, Tribehenin, Methyl Nicotinate, Hexylene Glycol, Sorbitan Isostearate, Capsicum Frutescens Fruit Extract, Glycine Soja (Soybean) Oil, Zingiber Officinale (Ginger) Root Oil, Palmitoyl Tripeptide-1, Cinnamal, Benzyl Benzoate.",https://www.ulta.com/p/make-it-big-xxl-lip-plumping-serum-pimprod2035492?sku=2604650,0,4.3
Keranique,Hair and Scalp Supplements,"Home
Body Care
Self Care & Wellness
Supplements","Active Ingredients: Saw Palmetto Extract, Curcumin C3 Complex, Ornegarnax, Taurine, Bamboo Extract, Zinc, L-Cysteine, Vitamin B1, Vitamin B5, Vitamin B6, Vitamin B12, Riboflavin, Biotin, Selenium, Black Pepper Extract
Other Ingredients: Sesame Oil, Gelatin Capsule (Bovine Gelatin, Glycerin, Purified Water & Annatto), Yellow Beeswax, Sunflower Lecithin",https://www.ulta.com/p/hair-scalp-supplements-pimprod2038658?sku=2608388,0,4.7
Aquaphor,Lip Repair + Protect Broad Spectrum SPF 30,"Home
Body Care
Suncare
Sunscreen","Petrolatum. Avobenzone, Octinoxate, Octisalate, Octocrylene, Oxybenzone, C18-38 Alkyl Hydroxystearoyl Stearate, Octyldodecanol, Glycerin, Ricinus Communis (Castor) Seed Oil, Caprylic/Capric Triglyceride, Panthenol, Water, Polyglyceryl-3 Diisostearate, Butyrospermum Parkii (Shea) Butter, Tocopheryl Acetate, Hydrogenated Castor Oil, Beeswax, C20-40 Alkyl Stearate, Magnesium Sulfate, Magnesium Stearate, Bht.",https://www.ulta.com/p/lip-repair-protect-broad-spectrum-spf-30-xlsImpprod11821037?sku=2285379,0,3.3
NYX Professional Makeup,Long Lasting Glitter Primer,"Home
Makeup
Eyes
Eye Primer & Base","Water/Aqua/Eau, Beeswax/Cera Alba/Cire D'abeille, Stearic Acid, Octyldodecanol, PVP, Butyrospermum Parkii (Shea) Butter, Butylene Glycol, Acrylates/Octylacrylamide Copolymer, Silica, Aminomethyl Propanol, Tocopheryl Acetate, Jojoba Esters, Tocopherol, Caprylyl Glycol, Phenoxyethanol. May Contain: Mica, Titanium Dioxide (CI 77891), Iron Oxides (CI 77491, 77492, 77499).",https://www.ulta.com/p/long-lasting-glitter-primer-xlsImpprod13461011?sku=2297561,0,4.6
Gigi,Charcoal Detox Hard Wax,"Home
Body Care
Self Care & Wellness
Hair Removal","Glyceryl/Rosinate, Beeswax (Cera Alba, Cire d'abeille), Methyl Hydrogenated Rosinate, Glycerin, Salix Alba (Willow) Bark Extract, Charcoal Powder, Zinc Oxide, Ethylhexyl Palmitate, Glycine Soja (Soybean) Oil, Isopropyl Titanium Triisostearate, Synthetic Wax, Polyester-3, Silica, Aluminum Hydroxide, Iron Oxides (CI 77499), Titanium Dioxide (CI 77891).",https://www.ulta.com/p/charcoal-detox-hard-wax-xlsImpprod17881001?sku=2524448,0,3.3
Morphe,Eyelid Primer,"Home
Makeup
Eyes
Eye Primer & Base","Isododecane, Talc, Mica, Trimethylsiloxysilicate, Cyclopentasiloxane, Disteardimonium Hectorite, Trihydroxystearin, Polyethylene, Hydroxystearic/Linolenic/Oleic Polyglycerides, Triethylhexanoin, Sorbitan Sesquioleate, Dimethicone, Synthetic Beeswax, PEG-40 Stearate, Phenoxyethanol, Propylene Carbonate, Tocopheryl Acetate. May Contain: Titanium Dioxide (CI 77891), Bismuth Oxychloride (CI 77163), Iron Oxides (CI 77492, CI 77491, CI 77499).",https://www.ulta.com/p/eyelid-primer-xlsImpprod18351119?sku=2528882,0,4.2
Aquaphor,Lip Repair,"Home
Skin Care
Moisturizers
Lip Care","Petrolatum. Avobenzone, Octinoxate, Octisalate, Octocrylene, Oxybenzone, C18-38 Alkyl Hydroxystearoyl Stearate, Octyldodecanol, Glycerin, Ricinus Communis (Castor) Seed Oil, Caprylic/Capric Triglyceride, Panthenol, Water, Polyglyceryl-3 Diisostearate, Butyrospermum Parkii (Shea) Butter, Tocopheryl Acetate, Hydrogenated Castor Oil, Beeswax, C20-40 Alkyl Stearate, Magnesium Sulfate, Magnesium Stearate, Bht.",https://www.ulta.com/p/lip-repair-xlsImpprod18531053?sku=2529690,0,4.3
Grande Cosmetics,GrandeMASCARA Black Conditioning Peptide Mascara,"Home
Makeup
Eyes
Mascara","Water/Aqua/Eau, Paraffin, Iron Oxides (CI 77499), Palmitic Acid, Beeswax/Cera Alba/Cire D'abeille, Cholesterol, Copernicia Cerifera (Carnauba) Wax/Cera Carnauba/Cire de Carnauba, Triethanolamine, Stearic Acid, Ultramarines (CI 77007), Nylon 12, Cetyl Esters, Glycerin, Hydroxyethylcellulose, Phenoxyethanol, Aminomethyl Propanediol, Panthenol, Propylene Glycol, Hydrated Silica, Ascorbyl Palmitate, Ethylhexylglycerin, Myristoyl Pentapeptide-17.",https://www.ulta.com/p/grandemascara-black-conditioning-peptide-mascara-pimprod2003441?sku=2544857,0,4.6
ULTA Beauty Collection,Gloss Stick,"Home
Makeup
Lips
Lip Gloss","Octyldodecanol, Diisostearyl Malate, Pentaerythrityl Tetraisostearate, Polybutene, Polyethylene, Synthetic Fluorphlogopite, Caprylic/Capric Triglyceride, Synthetic Beeswax, Pentaerythrityl Tetra-Di-T-Butyl Hydroxyhydrocinnamate, Phenoxyethanol. MAY CONTAIN / PEUT CONTENIR (+/-): Iron Oxides (CI 77491, CI 77492, CI 77499), Manganese Violet (CI 77742), Mica, Red 7 Lake (CI 15850), Blue 1 Lake (CI 42090), Titanium Dioxide (CI 77891), Red 7 (CI 15850), Carmine (CI 75470), Yellow 5 Lake (CI 19140), Bismuth Oxychloride (CI 77163).
Please be aware that ingredient lists may change or vary from time to time. Please refer to the ingredient list on the product package you receive for the most up to date list of ingredients.",https://www.ulta.com/p/gloss-stick-pimprod2020940?sku=2571658,0,4.5
Anastasia Beverly Hills,Nouveau Palette,"Home
Makeup
Eyes
Eyeshadow Palettes","Belle: Mica, Dimethicone, Octyldodecyl Stearoyl Stearate, Glycerin, Nylon-12, Vinyl Dimethicone/Methicone Silsesquioxane Crosspolymer, Zinc Stearate, Caprylyl Glycol, Theobroma Cacao (Cocoa) Seed Butter, Sodium Polyacrylate, Beeswax/Cera Alba/Cire D'abeille, Lauroyl Lysine, Isopentyldiol, Tocopherol, Phenoxyethanol, Iron Oxides (CI 77491, CI 77499), Titanium Dioxide (CI 77891), Carmine (CI 75470), Aluminum Powder (CI 77000).
Fleur: Mica, Dimethicone, Boron Nitride, Zea Mays (Corn) Starch, Nylon-12, Polymethylsilsesquioxane, Zinc Myristate, Zinc Stearate, Glycerin, Silica, Vinyl Dimethicone/Methicone Silsesquioxane Crosspolymer, Caprylyl Glycol, Cyclopentasiloxane, Polysilicone-11, Hydrogenated Lecithin, Lauroyl Lysine, Isopentyldiol, Tocopherol, Phenoxyethanol, Iron Oxides (CI 77491, CI 77492, CI 77499), Titanium Dioxide (CI 77891), Carmine (CI 75470), Ultramarines (CI 77007), Yellow 5 Lake (CI 19140).
Hope: Mica, Silica, Calcium Aluminum Borosilicate, Aluminum Calcium Sodium Silicate, Dimethicone, Octyldodecyl Stearoyl Stearate, Synthetic Fluorphlogopite, Polymethylsilsesquioxane, Vinyl Dimethicone/Methicone Silsesquioxane Crosspolymer, Zinc Stearate, Caprylyl Glycol, Theobroma Cacao (Cocoa) Seed Butter, Beeswax/Cera Alba/Cire D'abeille, Sodium Polyacrylate, Lauroyl Lysine, Isopentyldiol, Tocopherol, Tin Oxide, Phenoxyethanol, Iron Oxides (CI 77491, CI 77492, CI 77499), Titanium Dioxide (CI 77891).
Isle: Mica, Boron Nitride, Dimethicone, Octyldodecyl Stearoyl Stearate, Polymethylsilsesquioxane, Zinc Stearate, Vinyl Dimethicone/Methicone Silsesquioxane Crosspolymer, Caprylyl Glycol, Theobroma Cacao (Cocoa) Seed Butter, Lauroyl Lysine, Sodium Polyacrylate, Beeswax/Cera Alba/Cire D'abeille, Isopentyldiol, Tocopherol, Tin Oxide, Phenoxyethanol, Iron Oxides (CI 77492), Titanium Dioxide (CI 77891), Carmine (CI 75470).
Liberty: Mica, Dimethicone, Boron Nitride, Nylon-12, Zinc Stearate, Zea Mays (Corn) Starch, Polymethylsilsesquioxane, Zinc Myristate, Vinyl Dimethicone/Methicone Silsesquioxane Crosspolymer, Silica, Glycerin, Caprylyl Glycol, Cyclopentasiloxane, Polysilicone-11, Hydrogenated Lecithin, Lauroyl Lysine, Tocopherol, Isopentyldiol, Phenoxyethanol, Iron Oxides (CI 77491, CI 77492, CI 77499), Titanium Dioxide (CI 77891), Yellow 5 Lake (CI 19140), Carmine (CI 75470), Ultramarines (CI 77007), Blue 1 Lake (CI 42090), Chromium Oxide Greens (CI 77288).
Lili: Synthetic Fluorphlogopite, Mica, Aluminum Calcium Sodium Silicate, Calcium Aluminum Borosilicate, Dimethicone, Octyldodecyl Stearoyl Stearate, Zinc Stearate, Vinyl Dimethicone/Methicone Silsesquioxane Crosspolymer, Caprylyl Glycol, Theobroma Cacao (Cocoa) Seed Butter, Beeswax/Cera Alba/Cire D'abeille, Sodium Polyacrylate, Lauroyl Lysine, Isopentyldiol, Tocopherol, Tin Oxide, Phenoxyethanol, Iron Oxide (CI 77491), Titanium Dioxide (CI 77891), Carmine (CI 75470).
Muse: Mica, Dimethicone, Nylon-12, Zinc Stearate, Silica, Synthetic Fluorphlogopite, Vinyl Dimethicone/Methicone Silsesquioxane Crosspolymer, Caprylyl Glycol, Lauroyl Lysine, Isopentyldiol, Tocopherol, Tin Oxide, Phenoxyethanol, Iron Oxides (CI 77491, CI 77492, CI 77499), Titanium Dioxide (CI 77891), Black 2 (CI 77266).
Peacock: Mica, Dimethicone, Silica, Calcium Sodium Borosilicate, Glycerin, Nylon-12, Vinyl Dimethicone/Methicone Silsesquioxane Crosspolymer, Zinc Stearate, Caprylyl Glycol, Cyclopentasiloxane, Polysilicone-11, Lauroyl Lysine, Isopentyldiol, Tocopherol, Tin Oxide, Phenoxyethanol, Iron Oxides (CI 77491, CI 77492, CI 77499), Titanium Dioxide (CI 77891), Ferric Ferrocyanide (CI 77510).",https://www.ulta.com/p/nouveau-palette-pimprod2033186?sku=2594842,0,4.6
jane iredale,Longest Lash Thickening and Lengthening Mascara,"Home
Makeup
Eyes
Mascara","Aqua/Water/Eau, Algae Extract, Cera Alba (Beeswax), Copernicia Cerifera Cera, Cellulose, Glyceryl Stearate, Glycerin, Hydrolyzed Algae Extract, Raphanus Sativus (Radish) Root Extract, Tribehenin, Hydroxyethylcellulose, Panthenol, Oleic Acid. May Contain: Iron Oxides (CI 77489, CI 77491, CI 77492, CI 77499), Titanium Dioxide (CI 77891), Ultramarines (CI 77007).",https://www.ulta.com/p/longest-lash-thickening-lengthening-mascara-pimprod2004101?sku=2545017,0,3.8
Grande Cosmetics,GrandePRIMER Pre-Mascara Lengthener & Thickener,"Home
Makeup
Eyes
Lash Primer & Serums","Water/Aqua/Eau, Beeswax, Copernicia Cerifera (Carnauba) Wax/Cera Carnauba/Cire de carnauba, Acrylates/Ethylhexyl Acrylate Copolymer, Cyclopentasiloxane, Palmitic Acid, Stearic Acid, Triethanolamine, Acacia Senegal Gum, Titanium Dioxide (CI 77891), Polybutene, Phenoxyethanol, Panthenol, Polyvinyl Alcohol, VP/VA Copolymer, Aminomethyl Propanediol, Laureth-21, Ethylhexylglycerin, Glycerin, Myristoyl Pentapeptide-17.",https://www.ulta.com/p/grandeprimer-pre-mascara-lengthener-thickener-pimprod2008021?sku=2554218,0,4.5
Aveeno,Calm + Restore Oat Gel Moisturizer,"Home
Skin Care
Moisturizers
Face Moisturizer","Water, Glycerin, Dimethicone, Cetearyl Olivate, Avena Sativa (Oat) Kernel Flour, Sorbitan Olivate, Polyacrylamide, Synthetic Beeswax, Phenoxyethanol, C13-14 Isoparaffin, Butylene Glycol, Dimethicone Crosspolymer, Panthenol, Chlorphenesin, Dimethiconol, Carbomer, Laureth-7, Chrysanthemum Parthenium (Feverfew) Flower/Leaf/Stem Juice, Ethylhexylglycerin, Sodium Hydroxide, Avena Sativa (Oat) Kernel Extract, Centella Asiatica Extract.",https://www.ulta.com/p/calm-restore-oat-gel-moisturizer-pimprod2017659?sku=2570004,0,4.4
Gigi,Wax Refill Kit,"Home
Body Care
Self Care & Wellness
Hair Removal","Glyceryl Rosinate, Rosin (Colophonium, Colophane), Beeswax (Cera Alba, Cire d'Abeille), Ethylene/VA Copolymer, Microcrystalline Wax (Cera Microcristallina, Cire microcristalline), Triethylene Glycol Rosinate, Paraffin, Lanolin, Anthemis Nobilis Flower Oil, Aminomethyl Propanol, Guaiazulene, Fragrance (Parfum), Limonene, Benzyl Salicylate, Linalool, Mica, Green 6 (CI 61565), Violet 2 (CI 60725).",https://www.ulta.com/p/wax-refill-kit-pimprod2024028?sku=2577433,0,5
COSRX,Lip Sleep Ceramide Lip Butter Sleeping Mask,"Home
Gifts
By Price
$25 and Under","Bis-Diglyceryl Polyacyladipate-2, Butyrospermum Parkii (Shea) Butter, Cocos Nucifera (Coconut) Oil, Ricinus Communis (Castor) Seed Oil, Beeswax, Caprylic/Capric Triglyceride, Simmondsia Chinensis (Jojoba) Seed Oil, Phytosteryl/Isostearyl/Cetyl/Stearyl/Behenyl Dimer Dilinoleate, Euphorbia Cerifera (Candelilla) Wax, Mangifera Indica (Mango) Seed Butter, Glycerin, Ceramide NP, Phytosphingosine.",https://www.ulta.com/p/lip-sleep-ceramide-lip-butter-sleeping-mask-pimprod2025836?sku=2584509,0,4.3
Essence,Double Trouble Waterproof Mascara,"Home
Makeup
Eyes
Mascara","Aqua (Water), Styrene/Acrylates Copolymer, Glyceryl Stearate, Copernicia Cerifera (Carnauba) Wax, Synthetic Wax, VP/Hexadecene Copolymer, Glycerin, Synthetic Beeswax, Palmitic Acid, Stearic Acid, Acrylates Copolymer, Polyvinyl Alcohol, Octyldodecanol, Tocopherol, Cera Microcristallina (Microcrystalline Wax), Hydroxyacetophenone, Ethylhexylglycerin, Caprylyl Glycol, Sodium Hydroxide, Phenoxyethanol, Ci 77007 (Ultramarines), Ci 77499 (Iron Oxides).",https://www.ulta.com/p/double-trouble-waterproof-mascara-pimprod2030526?sku=2590872,0,3.8
Urban Decay Cosmetics,Travel Size Original Eyeshadow Primer Potion,"Home
Makeup
Travel Size","Isododecane, Talc, Cyclopentasiloxane, Disteardimonium Hectorite, Trimethylsiloxysilicate, Trihydroxystearin, Polyethylene, Triethylhexanoin, Hydroxystearic/Linolenic/Oleic Polyglycerides, Sorbitan Sesquioleate, VP/Eicosene Copolymer, Dimethicone, PEG-40 Stearate, Phenoxyethanol, Synthetic Beeswax, Propylene Carbonate, Aqua (Water/Eau). May Contain: Mica, CI 77891 (Titanium Dioxide), CI 774491/77492/774499 (Iron Oxides), CI 77163 (Bismuth Oxychloride).",https://www.ulta.com/p/travel-size-original-eyeshadow-primer-potion-pimprod2031196?sku=2287763,0,4.5
Essence,Get BIG Lashes! Volume Curl Mascara,"Home
Makeup
Eyes
Mascara","Aqua (Water), Paraffin, Synthetic Beeswax, Steareth-20, Carnauba (Copernicia Cerifera) Wax, Alcohol Denat., Steareth-2, Glyceryl Behenate, Cetyl Alcohol, Tocopheryl Acetate, Tocopherol, Jojoba Esters, Methylpropanediol, Hydroxyethylcellulose, Caprylyl Glycol, Simethicone, Polyurethane-14, Amp-Acrylates Copolymer, Aminomethyl Propanediol, Aminomethyl Propanol, Isopropyl Acetate, Bht, Phenoxyethanol, Ci 77499 (Iron Oxides).",https://www.ulta.com/p/get-big-lashes-volume-curl-mascara-xlsImpprod11001347?sku=2275538,0,4
L.A. Girl,Shady Slim Brow Pencil,"Home
Makeup
Eyes
Eyebrows","Candelilla Wax (Candelilla Cera), Copernicia Cerifera (Carnauba) Wax, Lanolin, Castor Oil, Ceresin, Hydrogenated Coconut Oil, Beeswax (Cera Alba), Squalane, Ethylhexyl Palmitate, Petrolatum, Microcrystalline Wax (Cera Microcristallina), BHT, Propylparaben. May Contain: Iron Oxides (CI 77491, CI 77492, CI 77499), Titanium Dioxide (CI 77891), Yellow 5 Lake (CI 19140).",https://www.ulta.com/p/shady-slim-brow-pencil-xlsImpprod15711019?sku=2504710,0,4.1
Urban Decay Cosmetics,Original Eyeshadow Primer Potion,"Home
Makeup
Eyes
Eye Primer & Base","Isododecane, Talc, Cyclopentasiloxane, Disteardimonium Hectorite, Trimethylsiloxysilicate, Trihydroxystearin, Polyethylene, Triethylhexanoin, Hydroxystearic/Linolenic/Oleic Polyglycerides, Sorbitan Sesquioleate, VP/Eicosene Copolymer, Dimethicone, PEG-40 Stearate, Phenoxyethanol, Synthetic Beeswax, Propylene Carbonate, Aqua (Water/Eau). May Contain: Mica, CI 77891 (Titanium Dioxide), CI 774491/77492/774499 (Iron Oxides), CI 77163 (Bismuth Oxychloride).",https://www.ulta.com/p/original-eyeshadow-primer-potion-xlsImpprod3330137?sku=2286790,0,4.5
Well People,Supernatural Stick Highlighter,"Home
Makeup
Face
Highlighter","Helianthus Annuus (Sunflower) Seed Oil/Helianthus Annuus Seed Oil*, Ricinus Communis (Castor) SeedOil/Ricinus Communis Seed Oil*, Mica, Carthamus Tinctorius (Safflower) Seed Oil/Carthamus Tinctorius Seed Oil*, Copernicia Cerifera (Carnauba) Wax/Copernicia Cerifera Cera*, Synthetic Beeswax, Synthetic Fluorphlogopite, Calcium Aluminum Borosilicate, Castor Isostearate Succinate, Tocopherol, Polyhydroxystearic Acid, Caprylic/Capric Triglyceride, Simmondsia Chinensis (Jojoba) Seed Oil/Simmondsia Chinensis Seed Oil*, Rosa Rubiginosa Seed Oil, Crambe Abyssinica Seed Oil, Tin Oxide, Isostearic Acid, Calendula Officinalis Flower Extract, Lecithin, Polyglyceryl-3 Polyricinoleate, Camellia Sinensis (Green Tea) Seed Oil/Camellia Sinensis Seed Oil, Aloe Barbadensis Leaf Juice, Maltodextrin, Potassium Sorbate, Sodium Benzoate. May Contain: Titanium Dioxide (CI 77891), Iron Oxides (CI 77491, CI 77492, CI 77499).",https://www.ulta.com/p/supernatural-stick-highlighter-pimprod2008562?sku=2596718,0,4.4
Lancôme,Absolue Revitalizing & Brightening Rich Cream,"Home
Skin Care
Moisturizers
Face Moisturizer","Coconut Oil, PEG-100 Stearate, Dimethicone, Cyclohexasiloxane, Cera Alba / Beeswax, Myristyl Myristate, CI 14700 / Red 4, CI 19140 / Yellow 5, Alcohol, Tocopherol, Hydroxypropyl Tetrahydropyrantriol, Hydrolyzed Soy Protein, Hydrolyzed Linseed Extract, Sodium Hydroxide, Sodium Benzoate, Phenoxyethanol, Adenosine, Peg-14M, Chlorphenesin, Polysorbate 80, Limonene, Xanthan Gum, Panthenol, Pentaerythrityl Tetra-Di-T-Butyl Hydroxyhydrocinnamate, Pentylene Glycol, Linalool, Propanediol, Propylene Glycol, Isohexadecane, Capryloyl Salicylic Acid, Sorbitan Tristearate, Acrylamide/Sodium Acryloyldimethyltaurate Copolymer, Carbomer, Sorbitan Oleate, Geraniol, Rose Extract, Disodium Edta, Rosa Damascena Flower Oil, Rosa Centifolia Flower Extract, Tetrasodium Glutamate Diacetate, Citronellol, Coumarin, Parfum / Fragrance.",https://www.ulta.com/p/absolue-revitalizing-brightening-rich-cream-pimprod2025856?sku=2586923,0,4.8
Keys Soulcare,Gleam On Highlighting Balm,"Home
Makeup
Face
Highlighter","Helianthus Annuus (Sunflower) Seed Oil, Ricinus Communis (Castor)Seed Oil, Carthamus Tinctorius (safflower) Seed Oil, Mica, Copernicia Cerifera (Carnauba) Wax, Synthetic Beeswax, Synthetic Fluorphlogopite, Castor isostearate succinate, Tocopherol, Calcium Titanium Borosilicate, Polyhydroxystearic acid, Caprylic/CapricTriglyceride, Simmondsia Chinensis (Jojoba) Seed Oil, Rosa Rubiginosa Seed Oil, Crambe Abyssinica Seed Oil, Isostearic acid, Calendula Officinalis Flower Extract, Lecithin, Polyglyceryl-3 Polyricinoleate, Tin Oxide, Camellia Sinensis Seed Oil, Camellia Oleifera Seed Oil, Amethyst Powder, Butylene Glycol, Water (Aqua), Anastatica Hierochuntica Extract.<br>May Contain: Titanium Dioxide (CI 77891), Red Iron Oxide (CI 77491).",https://www.ulta.com/p/gleam-on-highlighting-balm-pimprod2033926?sku=2600902,0,4.5
Burt's Bees,Lip Shimmer,"Home
Skin Care
Moisturizers
Lip Care","Ricinus Communis (Castor) Seed Oil, Helianthus Annuus (Sunflower) Seed Oil, Cera Alba (Beeswax), Candelilla Cera (Euphorbia Cerifera (Candelilla) Wax), Mentha Piperita (Peppermint) Oil, Lanolin, Mica, Theobroma Cacao (Cocoa) Seed Butter, Copernicia Cerifera (Carnauba) Wax, Butyrospermum Parkii (Shea) Butter, Fragaria Ananassa (Strawberry) Seed Oil, Prunus Armeniaca (Apricot) Kernel Oil, Ribes Nigrum Black Currant) Seed Oil, Rosmarinus Offcinalis (Rosemary) Leaf Extract, Sambucus Nigra (Elderberry) Seed Oil, Tocopherol, Canola Oil, Glycine Soja (Soybean) Oil, Alumina, Limonene, Linalool, Eugenol May Contain (+/-): CI 77491, CI 77492, CI 77499 (Iron Oxides), CI 77891 (Titanium Dioxide), CI 75470 (Carmine).",https://www.ulta.com/p/lip-shimmer-pimprod2038293?sku=2607675,0,4.3
Milani,Color Statement Lipstick,"Home
Makeup
Lips
Lipstick","Best Red: Ricinus Communis (Castor) Seed Oil, Mica, Tridecyl Trimellitate, Euphorbia Cerifera (Candelilla) Wax / Candelilla Cera / Cire de candelilla, Ethylhexyl Palmitate, Microcrystalline Wax / Cera Microcristallina / Cire microcristalline, Beeswax / Cera Alba / Cire d'abeille, Ozokerite, Copernicia Cerifera (Carnauba) Wax / Copernicia Cerifera Cera / Cire de carnauba, Flavor / Aroma, Hydroxycitronellal, Benzyl Benzoate, Vanillin, Glycine Soja (Soybean) Oil, Tocopherol, Ascorbyl Palmitate, Retinyl Palmitate, Titanium Dioxide (CI 77891), Iron Oxides ( CI 77499), Yellow 5 Lake (CI 19140), Red 7 Lake (CI 15850).",https://www.ulta.com/p/color-statement-lipstick-xlsImpprod17081065?sku=2590180,0,4.5
L'Oréal,Voluminous Butterfly Mascara,"Home
Makeup
Eyes
Mascara","Aqua / Water / Eau, Paraffin, Potassium Cetyl Phosphate, Cera Alba / Beeswax / Cire Dabeille, Copernicia Cerifera Cera / Carnauba Wax / Cire De Carnauba, Acacia Senegal / Acacia Senegal Gum, Glycerin, Cetyl Alcohol, Hydroxyethylcellulose, Phenoxyethanol, PEG/PPG-17/18 Dimethicone, Steareth-20, Phenyl Ethyl Alcohol, Sodium Polymethacrylate, Propylene Glycol, Rayon, Hydrogenated Jojoba Oil, Hydrogenated Palm Oil, Pentaerythrityl Tetraisostearate, Silica, Disodium EDTA, Polyquaternium-10, Soluble Collagen, Panthenol, Sodium Chondroitin Sulfate, Atelocollagen. May Contain: CI 77491, CI 77492, CI 77499 / Iron Oxides CI 77007 / Ultramarines Mica CI 75470 / Carmine CI 77891 / Titanium Dioxide CI 77510 / Ferric Ferrocyanide.",https://www.ulta.com/p/voluminous-butterfly-mascara-xlsImpprod5980006?sku=2261129,0,4.1
HOURGLASS,Illusion Hyaluronic Skin Tint,"Home
Makeup
Face
Foundation","Vanilla: Water/Aqua, Ethylhexyl Methoxycinnamate, Pentaerythrityl Tetraisostearate, Cyclopentasiloxane, Hydrogenated Polyisobutene, Titanium Dioxide, Ethylhexyl Salicylate, Ethylhexyl Palmitate, Calcium Carbonate, Glycerin, Cetyl Peg/Ppg-10/1 Dimethicone, Glyceryl Dibehenate, Hexyl Laurate, Polyglyceryl-4 Isostearate, Dimethicone, Polyethylacrylate, Polyglyceryl-3 Polyricinoleate, Tribehenin, Alumina, Butylene Glycol, Caprylyl Glycol, Microcrystalline Wax/Cera Microcristallina, Ethylhexylglycerin, Glyceryl Behenate, Gossypium Herbaceum, Hexylene Glycol, Lycium Barbarum Fruit Extract, Magnesium Sulfate, Mica, Peg-10 Dimethicone, Pentaerythrityl Tetra-Di-T-Butyl Hydroxyhydrocinnamate, Phenoxyethanol, Polyglyceryl-3 Beeswax, Potassium Sorbate, Propylene Carbonate, Quartz, Quaternium-90 Bentonite, Silica, Silica Dimethyl Silylate, Sodium Benzoate, Sodium Chloride, Sodium Hyaluronate, Stearic Acid, Triethoxycaprylylsilane. May Contain: Aluminum Hydroxide (CI 77002), Iron Oxides (CI 77491, CI 77492, CI 77499), Titanium Dioxide (CI 77891).",https://www.ulta.com/p/illusion-hyaluronic-skin-tint-pimprod2020463?sku=2575958,0,3.9
Morphe,Gel Liner,"Home
Makeup
Eyes
Eyeliner","Trimethylsiloxysilicate, Ozokerite, Decamethylcyclopentasiloxane, Isododecane, Mica (CI 77019), Beeswax (Cera Alba/Cire d'abeille), Caprylic/Capric Triglyceride, Bis-Diglyceryl Polyacyladipate-2, Phenoxyethanol , Caprylyl Glycol, Tocopheryl Acetate. May Contain: Iron Oxides (CI 77499, CI 77491, CI 77492), Titanium Dioxide (CI 77891), Black 2 (CI 77266), Manganese Violet (CI 77742), Ultramarines (CI 77007).",https://www.ulta.com/p/gel-liner-pimprod2000093?sku=2535589,0,3.4
NYX Professional Makeup,On The Rise Lifting & Volumizing Mascara,"Home
Makeup
Eyes
Mascara","Aqua/Water/Eau, Synthetic Beeswax, Polyethylene, Glyceryl Stearate, Polyurethane-35, Acacia Senegal Gum, Butylene Glycol, Oryza Sativa Cera/Rice Bran Wax, Stearic Acid, Palmitic Acid, Polybutene, Vp/Eicosene Copolymer, Copernicia Cerifera Cera/Carnauba Wax/Cire De Carnauba, Aminomethyl Propanol, Hydroxyethylcellulose, Ethylhexylglycerin, Phenoxyethanol. May Contain: CI 77499/Iron Oxides.",https://www.ulta.com/p/on-rise-lifting-volumizing-mascara-pimprod2006921?sku=2546651,0,4.2
Wet n Wild,Ultimate Brow Retractable,"Home
Makeup
Eyes
Eyebrows","Beeswax/Cire d'abeille, Copernicia Cerifera (Carnauba) Wax/Cire de carnauba, Ozokerite, Ethylhexyl Palmitate, Phenoxyethanol, Sorbic Acid, [+/- (MAY CONTAIN/PEUT CONTENIR): Mica, Iron Oxides/CI 77491, CI 77492, CI 77499, Titanium Dioxide/CI 77891, Red 40 Lake/CI 16035, Yellow 5 Lake/CI 19140, Chromium Oxide Greens/CI 77288].",https://www.ulta.com/p/ultimate-brow-retractable-pimprod2013417?sku=2558457,0,4.3
PÜR,Travel Size Fully Charged Mascara,"Home
Makeup
Travel Size","Aqua, Cera Alba (Beeswax), Cyclopentasiloxane, Copernicia Cerifera (Carnauba) Wax, Alcohol Denat., Palmitic Acid, Nylon-12, Vp/Eicosene Copolymer, Stearic Acid, Triethanolamine, Acacia Senegal Gum, Glycerin, Polybutene, Biotinoyl Tripeptide-1, Panthenol, Ascorbyl Palmitate, Polyquaternium-10, Polyvinyl Alcohol, Vp/Va Copolymer, Aminomethyl Propanediol, Ethylhexylglycerin, Propylene Glycol, Phenoxyethanol, Iron Oxides (CI 77499).",https://www.ulta.com/p/travel-size-fully-charged-mascara-pimprod2022753?sku=2577200,0,3
Makeup Revolution,5D Lash Mascara,"Home
Makeup
Eyes
Mascara","Aqua (Water, Eau), Synthetic Beeswax, Palmitic Acid, Acrylates / Ethylhexyl Acrylate Copolymer, Copernicia Cerifera (Carnauba) Wax, Glyceryl Stearate, Polybutene, Stearic Acid, C26-28 Alkyl Dimethicone, Euphorbia Cerifera (Candelilla) Wax, Glycerin, Tribehenin, Aminomethyl Propanediol, Phenoxyethanol, Sodium Hyaluronate, Laureth-21, Ethylhexylglycerin, Hydroxyethylcellulose, Disodium Phosphate, Polysorbate 60, Sodium Phosphate, Ci 77499 (Iron Oxides).",https://www.ulta.com/p/5d-lash-mascara-pimprod2023081?sku=2575409,0,4
Dionis,Sole Keeper 2-in-1 Goat Milk Foot Care Treatment,"Home
Body Care
Hand & Foot Care
Hand & Foot Treatment","Water, Zea Mays (Corn) Starch, Cetearyl Alcohol, Ethylhexyl Palmitate, Butyrospermum Parkii (Shea)Butter, Glycerin, Lauryl Lactate, Ceteareth-20, Persesa Gratissima (Avocado) Oil, Sodium Lactate, GoatMilk, Phenoxyethanol, Hydrogenated Ethylhexyl Olivate, Mentha Piperita (Peppermint) Oil,Hydrogenated Soybean Oil, Melaleuca Alternifolia (Tea Tree) Leaf Oil, Beeswax, Glyceryl Stearate,Hydrogenated Olive Oil Unsaponifiables",https://www.ulta.com/p/sole-keeper-2-in-1-goat-milk-foot-care-treatment-pimprod2023420?sku=2577137,0,4.6
Juvia's Place,Bronzed Mini Liquid Lipstick,"Home
Makeup
Travel Size","Isododecane Synthetic Beeswax VP/Hexadecene Copolymer Octyldodecanol Disteardimonium Hectorite Mica Propylene Carbonate Flavor Tocopheryl Acetate Phenoxyethanol Caprylyl Glycol Ethylhexylglycerin Hexylene Glycol MAY CONTAIN: +/- Titanium Dioxide (CI 77891) Red 6 (CI 15850) Red 7 (CI 15850) Red 27 (CI 45410) Iron Oxides (CI 77489, CI 77491, CI 77492, CI 77499).",https://www.ulta.com/p/bronzed-mini-liquid-lipstick-pimprod2025282?sku=2583499,0,3.7
Grande Cosmetics,GrandeFANATIC Fanning & Curling Mascara,"Home
Makeup
Eyes
Mascara","Aqua (Water), Iron Oxides (CI 77499), Synthetic Beeswax, Polyethylene, Glyceryl Stearate, Polyurethane-35, Acacia Senegal Gum, Butylene Glycol, Oryza Sativa (Rice) Bran Wax, Stearic Acid, Palmitic Acid, Polybutene, Glycerin, VP/Eicosene Copolymer, Copernicia Cerifera (Carnauba) Wax, Aminomethyl Propanol, Phenoxyethanol, Methylpropanediol, Ethylhexylglycerin, Hydroxyethylcellulose, Caprylyl Glycol, Panthenol, Phenylpropanol, Biotinoyl Tripeptide-1.",https://www.ulta.com/p/grandefanatic-fanning-curling-mascara-pimprod2027275?sku=2587634,0,4.2
Not Your Mother's,Beach Babe Texturizing Surf Paste,"Home
Hair
Styling Products
Wax & Pomade","Water (Aqua), Bis-Diglyceryl Polyacyladipate-2, Synthetic Beeswax, Cetyl Alcohol, Stearyl Alcohol, PVP, PEG-50 Shea Butter, Carthamus Tinctorius (Safflower) Seed Oil, Helianthus Annuus (Sunflower) Seed Extract, Sea Salt, Ceteareth-20, Caprylyl Glycol, Acrylates/C10-30 Alkyl Acrylate Crosspolymer, Fragrance (Parfum), Butylene Glycol, Sorbic Acid, Phenoxyethanol, Ethylhexylglycerin, Sodium Hydroxide",https://www.ulta.com/p/beach-babe-texturizing-surf-paste-pimprod2036882?sku=2602799,0,4.6
Maybelline,Volum' Express Pumped Up! Colossal Mascara,"Home
Makeup
Eyes
Mascara","Aqua / Water / Eau, Paraffin, Potassium Cetyl Phosphate, Acrylates Copolymer, Cera Alba / Beeswax / Cire Dabeille, Copernicia Cerifera Cera / Carnauba Wax / Cire De Carnauba, Ethylene/Acrylic Acid Copolymer, Steareth-2, Cetyl Alcohol, Carthamus Tinctorius Oil / Safflower Seed Oil, Phenoxyethanol, Hydroxyethylcellulose, Acacia Senegal / Acacia Senegal Gum, Ethylenediamine / Stearyl Dimer Dilinoleate Copolymer.",https://www.ulta.com/p/volum-express-pumped-up-colossal-mascara-xlsImpprod10721011?sku=2274045,0,3.6
Lano,Banana Balm Sheen 3-in-1,"Home
Skin Care
Moisturizers
Lip Care","Lanolin*, Butyrospermum Parkii (Shea) Butter*, Theobroma (Cacao) Seed Butter, Cera Alba/Beeswax/Cire D'Abeille*, Polyglyceryl-3 Diisostearate*, Flavour/Aroma*, Ricinus Communis Seed Oil*, Titanium Dioxide, Mica / CI 77891/Tin Oxide, Calcium Aluminium Borosilicate/Ci77891/Silica/Tin Oxide, Tocopherol (Vit E)*, Mica / Titanium Dioxide, Musa Paradisiaca (Banana) Fruit*. *Naturally Derived",https://www.ulta.com/p/banana-balm-sheen-3-in-1-xlsImpprod15241168?sku=2549501,0,4.4
Revlon,ColorStay Brow Pencil,"Home
Makeup
Eyes
Eyebrows","Cyclopentasiloxane, Paraffin, Diisopropyl Dimer Dilinoleate, PEG-6 Beeswax, Ozokerite, Hydrogenated Castor Oil, Ceresin, Methylparaben, Propylparaben, BHT. May Contain: Mica, Titanium Dioxide (CI 77891), Iron Oxides (CI 77491, 77492, 77499), Carmine (CI 75470).",https://www.ulta.com/p/colorstay-brow-pencil-xlsImpprod15361019?sku=2501432,0,4.2
PMD,Kiss Lip Plumping System,"Home
Tools & Brushes
Skincare Tools
Anti-Aging","Kiss Smart Lip Plumping Serum: Dimethicone, Polymethylsilsesquioxane, Polyethylene, Beeswax, Trimethylsiloxysilicate, Glyceryl Behenate, Silica, Euphorbia Cerifera (Candelilla) Wax, Squalane, Caprylic/Capric Triglyceride, Dimethicone/Vinyl Dimethicone Crosspolymer, Sodium Hyaluronate, Menthone Glycerin Acetal, Stevia Rebaudiana Leaf/Stem Powder, Benzyl Nicotinate, Dipalmitoyl Hydroxyproline, Behenyl Behenate Tribehenin, Phenoxyethanol
Formulated without:
Parabens
Sulfates
Phthalates",https://www.ulta.com/p/kiss-lip-plumping-system-xlsImpprod16111030?sku=2530522,0,3.9
Milani,Eyeshadow Primer,"Home
Makeup
Eyes
Eye Primer & Base","Isododecane, Talc, Mica (CI 77019), Cyclopentasiloxane, Disteardimonium Hectorite, Trimethylsiloxysilicate, Trihydroxystearin, Polyethylene, Triethylhexanoin, Sorbitan Sesquioleate, VP / Eicosene Copolymer, Dimethicone, Dipalmitoyl Hydroxyproline, Phenoxyethanol, PEG-40 Stearate, Synthetic Beeswax, Propylene Carbonate, Ethylhexylglycerin, Water (Aqua). May Contain: Titanium Dioxide (CI 77891), Bismuth Oxychloride (CI 77163), Iron Oxide (CI 77491, CI 77492, CI 77499).",https://www.ulta.com/p/eyeshadow-primer-xlsImpprod17081081?sku=2520050,0,4.1
Duke Cannon Supply Co,Cannon Balm 140 Degrees Tactical Lip Protectant,"Home
Men
Skin Care
Moisturizers & Treatments","Active: Avobenzone, Octinoxate, Octisalate, Oxybenzone.
Inactive: *Baobab Oil, *Beeswax, *Blood Orange Essential Oil, *Calendula Extract, Castor Oil, Ceresine Wax, Hydrated Silica, Hydroxystearic/Linoleic/Linolenic/Oleic Polyglycerides, Natural Flavor, *Olive Oil, *Peppermint Essential Oil, Polyisobutene, Rice Bran Wax, *Rosemary Extract, *Stevia, *Tea Tree Essential Oil, Vitamin E, Red 6. *Certified Organic Ingredients",https://www.ulta.com/p/cannon-balm-140-degrees-tactical-lip-protectant-pimprod2002326?sku=2540511,0,4.3
Physicians Formula,Organic Wear Lip Treatment,"Home
Skin Care
Moisturizers
Lip Care","Cocos Nucifera (Coconut) Oil*, Simmondsia Chinensis (Jojoba) Seed Oil*, Polyhydroxystearic Acid, Beeswax/Cire D'abeille*, Copernicia Cerifera (Carnauba) Wax/Cire De Carnauba*, Myristic/Palmitic/Stearic/Ricinoleic/Eicosanedioic Glycerides, Sucrose Tetrastearate Triacetate, Flavor/Aroma, Tocopherol, Butyrospermum Parkii (Shea) Butter*, Helianthus Annuus (Sunflower) Seed Oil, Dextrin Palmitate.*Ingredients From Organic Farming: 81% Organic.",https://www.ulta.com/p/organic-wear-lip-treatment-pimprod2013405?sku=2559278,0,4.4
Wet n Wild,Ultimate Brow Micro Brow Pencil,"Home
Makeup
Eyes
Eyebrows","Synthetic Japan Wax, Stearic Acid, Hydrogenated Soybean Oil, Hydrogenated Coco-Glycerides, Zinc Stearate, Polybutene, Hydrogenated Vegetable Oil, Myristyl Myristate, Beeswax/ Cire d'abeille, Copernicia Cerifera (Carnauba) Wax, Polyglyceryl-2 Triisostearate, Triethoxycaprylylsilane, Polyhydroxystearic Acid, VP/Eicosene Copolymer, Sorbitan Tristearate, Iron Oxides/ CI 77491, CI 77492, CI 77499, Titanium Dioxide/CI 77891, Mica.",https://www.ulta.com/p/ultimate-brow-micro-brow-pencil-pimprod2013410?sku=2558465,0,4.3
Essence,Bye Bye Panda Eyes! Tubing Mascara,"Home
Makeup
Eyes
Mascara","Aqua (Water), Copernicia Cerifera (Carnauba) Wax, Synthetic Beeswax, Butylene Glycol, Polyurethane-35, Glyceryl Stearate, PEG-100 Stearate, Cetearyl Alcohol, Stearic Acid, Kaolin, Palmitic Acid, Acacia Senegal Gum, Tocopherol, Ethylhexylglycerin, Hydroxyethylcellulose, Methylpropanediol, Polyester-4, Caprylyl Glycol, Phenylpropanol, Sodium Nitrate, Potassium Hydroxide, Phenoxyethanol, Potassium Sorbate, Sodium Benzoate, Sodium Dehydroacetate, CI 77499 (Iron Oxides).",https://www.ulta.com/p/bye-bye-panda-eyes-tubing-mascara-pimprod2016925?sku=2566532,0,4
Avène,Cicalfate LIPS Restorative Lip Cream,"Home
Skin Care
Moisturizers
Lip Care","Glycerin, Ricinus Communis (castor) Seed Oil (ricinus Communis Seed Oil), Avène Thermal Spring Water (avène Aqua), Beeswax (cera Alba), Caprylic/capric Triglyceride, Mineral Oil (paraffinum Liquidum), Bis-diglyceryl Polyacyladipate-2, Isopropyl Palmitate, Hydrogenated Castor Oil, Hydrogenated Polyisobutene, PEG-45/dodecyl Glycol Copolymer, Aluminum Sucrose Octasulfate, Zinc Oxide, Magnesium Sulfate, Zinc Sulfate.",https://www.ulta.com/p/cicalfate-lips-restorative-lip-cream-pimprod2020804?sku=2577166,0,4.6
Parissa,Face & Lip Wax Strips,"Home
Body Care
Self Care & Wellness
Hair Removal","Wax: Glyceryl Rosinate (Pine Resin), Ricinus Communis Seed Oil (Castor Seed Oil), Cera Alba (Beeswax), Titanium Dioxide (Mineral Powder).
Oil: Carthamus Tinctorius Seed Oil, Brassica Napus Oil, Ipp, Simmondsia Chinesis Seed Oil, Eucalyptus Globulus Oil, Callitris Columellaris Oil, Callitris Intratropical Oil, Chamomilla Recutita Extract, Menthe Piperita Oil, Hippophae Rhamnoides Fruit Oil.",https://www.ulta.com/p/face-lip-wax-strips-pimprod2023752?sku=2577020,0,4.6
Parissa,Brow Wax Strips,"Home
Body Care
Self Care & Wellness
Hair Removal","Wax: Glyceryl Rosinate (Pine Resin), Ricinus Communis Seed Oil (Castor Seed Oil), Cera Alba (Beeswax), Titanium Dioxide (Mineral Powder).
Oil: Carthamus Tinctorius Seed Oil, Brassica Napus Oil, Ipp, Simmondsia Chinesis Seed Oil, Eucalyptus Globulus Oil, Callitris Columellaris Oil, Callitris Intratropical Oil, Chamomilla Recutita Extract, Menthe Piperita Oil, Hippophae Rhamnoides Fruit Oil.",https://www.ulta.com/p/brow-wax-strips-pimprod2023912?sku=2577022,0,4.8
Parissa,Bikini & Underarm Wax Strips,"Home
Body Care
Self Care & Wellness
Hair Removal","Wax: Glyceryl Rosinate (Pine Resin), Ricinus Communis Seed Oil (Castor Seed Oil), Cera Alba (Beeswax), Titanium Dioxide (Mineral Powder).
Oil: Carthamus Tinctorius Seed Oil, Brassica Napus Oil, Ipp, Simmondsia Chinesis Seed Oil, Eucalyptus Globulus Oil, Callitris Columellaris Oil, Callitris Intratropical Oil, Chamomilla Recutita Extract, Menthe Piperita Oil, Hippophae Rhamnoides Fruit Oil.",https://www.ulta.com/p/bikini-underarm-wax-strips-pimprod2024059?sku=2577024,0,4.4
Rizos Curls,Curl Defining Cream,"Home
Hair
Styling Products
Curl Enhancing","Water (Aqua/Eau), Caprylic/Capric Triglyceride, Cetearyl Alcohol, Cocos Nucifera (Coconut ) Oil, Cetrimonium Chloride, Aloe Barbadensis Leaf Juice, Trehalose, Glycerin, Fragrance (Parfum), Hydroxypropyl Starch Phosphate, Polyurethane-14, Amp Acrylates Copolymer, PVP, Behentrimonium Chloride, Cetyl Alcohol, Panthenol (Pro Vitamin B5), Butyrospermum Parkii (Shea) Butter, Beeswax, Tamarindus Indica Fruit Extract, Ethylhexylglycerin, Phenoxyethanol.",https://www.ulta.com/p/curl-defining-cream-pimprod2025447?sku=2583401,0,4.4
Buxom,High Spirits Power Line Plumping Lip Liner,"Home
Makeup
Eyes
Eyeliner","Dimethicone, Hydrogenated Microcrystalline Wax, Synthetic Beeswax, Polybutene, Neopentyl Glycol Diheptanoate, Trimethylsiloxysilicate, Copernicia Cerifera (Carnauba) Wax, Isododecane, Isoamyl Laurate, Persea Gratissima (Avocado) Oil, Helianthus Annuus (Sunflower) Seed Oil, Tocopherol. May Contain/Peut Contenir (+/-): Carmine (Ci 75470), Iron Oxides (Ci 77491, Ci 77492, Ci 77499), Manganese Violet (Ci 77742), Titanium Dioxide (Ci 77891).",https://www.ulta.com/p/high-spirits-power-line-plumping-lip-liner-pimprod2037200?sku=2603632,0,4.4
Burt's Bees,Passion Fruit Moisturizing Lip Balm,"Home
Skin Care
Moisturizers
Lip Care","Helianthus Annuus (Sunflower) Seed Oil, Cocos Nucifera (Coconut) Oil, Beeswax, Ricinus Communis (Castor) Seed Oil, Flavor, Lanolin, Passiflora Incarnata Fruit Extract, Euterpe Oleracea Fruit Extract, Butyrospermum Parkii (Shea) Butter, Theobroma Cacao (Cocoa) Seed Butter, Carthamus Tinctorius (Safflower) Seed Oil, Glycine Soja (Soybean) Oil, Tocopherol, Rebaudioside A, Limonene, Linalool.
* Natural Flavor.",https://www.ulta.com/p/passion-fruit-moisturizing-lip-balm-pimprod2038295?sku=2607673,0,5
CoverGirl,Perfect Point Plus Eyeliner Pencil Value Pack,"Home
Makeup
Gifts & Value Sets","PPG-2 Myristyl Ether Propionate, Ceresin, Beeswax, Ethylene / VA Copolymer, CoperniciaCerifera (Carnauba) Wax, Ricinus Communis (Castor) Seed Oil, Cetyl Alcohol, AscorbylPalmitate, Tocopherol, Ascorbic Acid, PEG-8, Silica Silylate, Propylparaben, Butylparaben,Citric Acid, Methylparaben, Iron Oxides. May Contain: Titanium Dioxide, Manganese Violet, Ultramarines, Mica, Ferric Ferrocyanide,Chromium Oxide Greens, Chromium Hydroxide Green.",https://www.ulta.com/p/perfect-point-plus-eyeliner-pencil-value-pack-xlsImpprod16371015?sku=2509024,0,3.7
NYX Professional Makeup,Slim Lip Pencil Creamy Long-Lasting Lip Liner,"Home
Makeup
Lips
Lip Liner","Sorbitan Isostearate, Isocetyl Stearate,Phenyl Trimethicone, Polyethylene, Euphorbia Cerifera (Candelilla) Wax, Butyrospermum Parkii (Shea Butter) Unsaponifiables, Beeswax, Simmondsia Chinensis (Jojoba) Seed Oil, Caprylic / Capric Triglyceride, Nylon-12, Octyldodecanol, Polyglyceryl-2 Diisostearate, Silica, Copernicia Cerifera (Carnauba) Wax, Hydrogenated, Coconut Oil, Tocopherol,VP / Hexadecene Copolymer, Stearalkonium Hectorite, Stearyl Glycyrrhetinate, Propylparaben, Prolylene Carbonate.",https://www.ulta.com/p/slim-lip-pencil-creamy-long-lasting-lip-liner-xlsImpprod2150078?sku=2139547,0,4.4
Mario Badescu,Glycolic Eye Cream,"Home
Skin Care
Eye Treatments
Eye Cream","Olus Oil (Vegetable Oil, Huile Végétale), Aqua (Water, Eau), Olea Europaea (Olive) Leaf Extract, Paraffinum Liquidum (Mineral Oil, Huile Minérale), Cera Alba (Beeswax, Cire d'abeille), C10-30 Cholesterol/Lanosterol Esters, Isopropyl Myristate, Theobroma Cacao (Cocoa) Seed Butter, Glycolic Acid, Tocopherol, Cetyl Alcohol, Propylene Glycol, Diazolidinyl Urea, Sodium Benzoate, Methylparaben, Propylparaben",https://www.ulta.com/p/glycolic-eye-cream-xlsImpprod6200669?sku=2209796,0,4.1
Origins,Super Spot Remover Acne Treatment Gel with Salicylic Acid,"Home
Skin Care
Treatment & Serums
Acne & Blemish Treatments","Water\Aqua\Eau, Alcohol Denat., Acrylates/C10-30 Alkyl Acrylate Crosspolymer, Salicylic Acid, Hamamelis Virginiana (Witch Hazel), Eugenia Caryophyllus (Clove) Bud Oil*, Origanum Heracleoticum Flower Oil*, Eugenol, Limonene , Cucumis Sativus (Cucumber) Fruit Extract, Pyrus Malus (Apple) Fruit Extract, Scutellaria Baicalensis Root Extract, Algae Extract, Poria Cocos Sclerotium Extract, Laminaria Saccharina Extract, Lactobacillus Ferment, Glycerin, Caffeine, Butylene Glycol, Tocopheryl Acetate, Magnesium Ascorbyl Phosphate, Sodium Hydroxide, Phenoxyethanol * Essential Oil.
Please be aware that ingredient lists may change or vary from time to time. Please refer to the ingredient list on the product package you receive for the most up to date list of ingredients.",https://www.ulta.com/p/super-spot-remover-acne-treatment-gel-with-salicylic-acid-xlsImpprod15071373?sku=2307178,0,4.3
Origins,Clear Improvement Charcoal Honey Mask To Purify & Nourish,"Home
Skin Care
Treatment & Serums
Face Masks","Water\Aqua\Eau Butylene Glycol Bentonite Montmorillonite Honey\Mel\Miel Polysorbate 20 PEG-100 Stearate Polybutene Jojoba Esters Lavandula Angustifolia (Lavender) Oil*, Citrus Limon (Lemon) Peel Oil*, Cananga Odorata Flower Oil*, Mentha Viridis (Spearmint) Leaf Oil*, Rosmarinus Officinalis Leaf Oil, Eugenia Caryophyllus (Clove) Bud Oil*, Gaultheria Procumbens (Wintergreen) Leaf Oil*, Citrus Aurantium Amara (Bitter Orange) Flower Extract, Triethyl Citrate, Ethyl Phenylacetate, Limonene, Linalool, Eugenol, Citral, Benzyl Benzoate Yeast Extract\Faex\Extrait De Levure Kaolin, Charcoal Powder Caffeine Sodium Hyaluronate Glycerin Trehalose Lecithin Ethylhexylglycerin Xanthan Gum Caprylyl Glycol PEG-150 Distearate Silica Hexylene Glycol Disodium Edta Tetrasodium Edta Dehydroacetic Acid Phenoxyethanol Mica Titanium Dioxide (CI 77891) Iron Oxides (CI 77491, CI 77492, CI 77499).
*Essential oil
Please be aware that ingredient lists may change or vary from time to time. Please refer to the ingredient list on the product package you receive for the most up to date list of ingredients.",https://www.ulta.com/p/clear-improvement-charcoal-honey-mask-purify-nourish-xlsImpprod18471011?sku=2528914,0,4.7
Benefit Cosmetics,"Precisely, My Brow Pencil Waterproof Eyebrow Definer","Home
Makeup
Eyes
Eyebrows","Shade 1: Stearic Acid, Talc, Rhus Succedanea Fruit Wax, Hydrogenated Castor Oil, Cera Alba (Beeswax), Cera Microcristallina (Microcrystalline Wax), Paraffinum Liquidum (Mineral Oil), Hydrogenated Coconut Oil, Hydrogenated Palm Kernel Oil, Aluminum Hydroxide, Hydrogenated Palm Oil, Tocopherol, Lecithin, BHT. May Contain: CI 19140 (Yellow 5, Yellow 5 Lake), CI 42090 (Blue 1 Lake), CI 77007 (Ultramarines), CI 77163 (Bismuth Oxychloride), CI 77288 (Chromium Oxide Greens), CI 77289 (Chromium Hydroxide Green), CI 77491, CI 77492, CI 77499 (Iron Oxides), CI 77510 (Ferric Ferrocyanide, Ferric Ammonium Ferrocyanide), CI 77742 (Manganese Violet), CI 77891 (Titanium Dioxide).
Product ingredient listings are updated periodically. Before using a Benefit Product, please read the ingredient list on the packaging of your product to be sure that the ingredients are appropriate for your personal use.",https://www.ulta.com/p/precisely-my-brow-pencil-waterproof-eyebrow-definer-xlsImpprod14191019?sku=2304336,0,4.6
Benefit Cosmetics,"Precisely, My Brow Pencil Waterproof Eyebrow Definer Mini","Home
Makeup
Travel Size","Shade 3: Stearic Acid, Rhus Succedanea Fruit Wax, Hydrogenated Castor Oil, Cera Alba (Beeswax), Cera Microcristallina (Microcrystalline Wax), Paraffinum Liquidum (Mineral Oil), Hydrogenated Coconut Oil, Hydrogenated Palm Kernel Oil, Aluminum Hydroxide, Hydrogenated Palm Oil, Tocopherol, Talc, Lecithin, BHT. May Contain: CI 19140 (Yellow 5, Yellow 5 Lake), CI 42090 (Blue 1 Lake), CI 77007 (Ultramarines), CI 77163 (Bismuth Oxychloride), CI 77288 (Chromium Oxide Greens), CI 77289 (Chromium Hydroxide Green), CI 77491, CI 77492, CI 77499 (Iron Oxides), CI 77510 (Ferric Ferrocyanide, Ferric Ammonium Ferrocyanide), CI 77742 (Manganese Violet), CI 77891 (Titanium Dioxide).
Product ingredient listings are updated periodically. Before using a Benefit Product, please read the ingredient list on the packaging of your product to be sure that the ingredients are appropriate for your personal use.",https://www.ulta.com/p/precisely-my-brow-pencil-waterproof-eyebrow-definer-mini-xlsImpprod17501081?sku=2522827,0,4.6
Winky Lux,Glossy Boss Meow,"Home
Makeup
Lips
Lip Gloss","Polybutene, Petrolatum, Octyldodecanol, Ricinus Communis (Castor) Seed Oil, Dipentaerythrityl Tetrahydroxystearate/Tetraisostearate, C12-15 Alkyl Benzoate, Beeswax (Cera Alba), Phenoxyethanol, Ozokerite, Vanillin, Tocopheryl Acetate, Myristyl Lactate, Myristyl Alcohol, Mica (CI 77019), Titanium Dioxide (CI 77891), Iron Oxide (CI 77491,CI 77492, CI 77499), Red 7 Lake (CI 15850), Blue 1 Lake (CI 42090).",https://www.ulta.com/p/glossy-boss-meow-pimprod2019648?sku=2569644,0,4.8
Avène,Cicalfate HANDS Restorative Hand Cream,"Home
Body Care
Hand & Foot Care
Hand Cream & Foot Cream","Water/eau/aqua, Mineral Oil/huile Minerale/paraffinum Liquidum, Myreth-3 Myristate, PEG-45 / Dodecyl Glycol Copolymer, Dimethicone, Aluminum Sucrose Octasulfate, Octyldodecanol, PEG-7 Glyceryl Cocoate, Aluminum Starch Octenylsuccinate, Glycerin, Beeswax/cire D'abeille/cera Alba, Cetyl Alcohol, Copper Sulfate, Dimethiconol, Disteardimonium Hectoritie, Glyceryl Stearate, Magnesium Sulfate, Phenoxyethanol, Sodium Benzoate, Xanthan Gum, Zinc Sulfate.",https://www.ulta.com/p/cicalfate-hands-restorative-hand-cream-pimprod2020803?sku=2577165,0,4.4
Stila,Travel Size Stay All Day Liquid Lipstick,"Home
Makeup
Travel Size","Isododecane, Barium Sulfate, Dimethicone, Trimethylsiloxysilicate, Polybutene, Mica, Petrolatum, Cyclohexasiloxane, Aluminum Hydroxide, Kaolin, Disteardimonium Hectorite, Beeswax/Cera Alba/Cire D'Abeille, Silica Dimethyl Silylate, Flavor/Aroma, Rosin/Colophonium/Colophane, Glyceryl Behenate/Eicosadiote, Propylene Carbonate, Persea Gratissima (Avocado) Oil, Tocopherol, Cyclopentasiloxane, Benzyl Alcohol. May Contain: Red 7 Lake (CI 15850), Yellow 5 Lake (CI 19140).",https://www.ulta.com/p/travel-size-stay-all-day-liquid-lipstick-pimprod2026888?sku=2584759,0,5
CHANEL,LA BASE MASCARA Volume And Care Lash Primer,"Home
Luxury at Ulta Beauty
Makeup","Aqua (Water), Oryza Sativa Cera (Oryza Sativa (Rice) Bran Wax), Sucrose Stearate, Cera Alba (Beeswax), Cera Carnauba (Copernicia Cerifera (Carnauba) Wax), Polybutene, Peg-120 Methyl Glucose Dioleate, Cetyl Alcohol, Dimethiconol Meadowfoamate, Stearyl Alcohol, Hydroxyethylcellulose, Polyquaternium-46, Phenoxyethanol, Caprylyl Glycol, Methylparaben, Panthenol, Propylparaben, Cellulose, Dipropylene Glycol, Glyceryl Caprylate, Dimethicone, Phenylpropanol, Propanediol, Tocopherol, IL21A-I.",https://www.ulta.com/p/la-base-mascara-volume-care-lash-primer-pimprod2029985?sku=2532572,0,4
Neutrogena,Ultra Sheer Dry-Touch Sunscreen Lotion Broad Spectrum SPF 70,"Home
Body Care
Suncare
Sunscreen","Active: Avobenzone (3%), Homosalate (15%), Octisalate (5%), Octocrylene (2.8%), Oxybenzone (6%).Mbr>
Inactive: Water, Styrene/Acrylates Copolymer, Silica, Diethylexyl 2,6-Naphthalate, Beeswax, Caprylyl Methicone, Cetyl Dimethicone, Ethylhexylglycerin, Glyceryl Stearate, PEG-100 Stearate, Sodium Polyacrylate, Acrylates/C12-22Alkyl Methacrylate Copolymer, Dimethicone, Xanthan Gum,Trimethylsiloxysilicate, Disodium EDTA, Fragrance, Dipotassium Glycyrrhizate,BHT, Methylisothiazolinone, Polyaminopropyl Biguanide.",https://www.ulta.com/p/ultra-sheer-dry-touch-sunscreen-lotion-broad-spectrum-spf-70-pimprod2030649?sku=2592307,0,4.6
Burt's Bees,Marula Melt Clear Lip Conditioner,"Home
Skin Care
Moisturizers
Lip Care","Cocos Nucifera (Coconut) Oil, Olea Europaea (Olive) Fruit Oil, Helianthus Annuus (Sunflower) Seed Oil, Helianthus Annuus (Sunflower) Seed Wax, Persea Gratissima (Avocado) Oil, Vegetable Oil, Beeswax, Sclerocarya Birrea (Marula) Seed Oil, Butyrospermum Parkii (Shea) Butter, Theobroma Cacao (Cocoa) Seed Butter, Garcinia Indica Seed Butter, Fragrance, Tocopherol, Glycine Soja (Soybean) Oil, Citric Acid.",https://www.ulta.com/p/marula-melt-clear-lip-conditioner-pimprod2031076?sku=2593530,0,4.3
